user_id,song_id,timestamp,duration_sec
user_82,song_8,2025-03-02 05:08:22,170
user_32,song_15,2025-03-07 18:34:24,82
user_87,song_48,2025-03-27 11:23:53,74
user_76,song_28,2025-03-02 13:01:46,45
user_12,song_14,2025-03-12 07:04:10,288
user_78,song_2,2025-03-10 15:39:45,244
user_29,song_29,2025-03-14 12:06:56,33
user_98,song_11,2025-03-21 12:22:53,204
user_36,song_10,2025-03-11 10:51:31,202
user_14,song_6,2025-03-19 10:38:50,79
user_46,song_23,2025-03-13 20:11:20,52
user_94,song_30,2025-03-27 00:45:03,93
user_49,song_6,2025-03-27 19:10:26,180
user_81,song_40,2025-03-18 13:20:07,128
user_91,song_5,2025-03-03 05:23:21,146
user_99,song_19,2025-03-04 20:57:51,149
user_13,song_25,2025-03-14 11:51:45,262
user_82,song_24,2025-03-08 21:30:20,219
user_46,song_14,2025-03-13 23:03:06,66
user_78,song_41,2025-03-09 07:23:27,155
user_21,song_30,2025-03-19 10:05:51,168
user_82,song_45,2025-03-11 15:52:12,196
user_99,song_50,2025-03-03 17:10:20,147
user_5,song_21,2025-03-20 11:23:27,167
user_9,song_14,2025-03-16 06:37:34,138
user_84,song_32,2025-03-20 04:56:40,264
user_19,song_17,2025-03-07 18:40:52,156
user_96,song_36,2025-03-27 03:57:14,164
user_96,song_38,2025-03-21 19:09:41,234
user_47,song_15,2025-03-07 17:10:05,290
user_64,song_6,2025-03-03 06:53:40,86
user_20,song_41,2025-03-08 18:23:33,246
user_77,song_5,2025-03-19 16:17:11,225
user_77,song_30,2025-03-26 16:27:46,158
user_71,song_1,2025-03-06 13:27:44,166
user_99,song_42,2025-03-17 12:19:59,87
user_38,song_28,2025-03-08 16:16:01,262
user_1,song_47,2025-03-13 18:52:13,286
user_98,song_12,2025-03-25 15:29:31,84
user_81,song_20,2025-03-25 15:28:12,131
user_20,song_24,2025-03-08 20:13:05,30
user_77,song_21,2025-03-24 17:16:00,39
user_15,song_24,2025-03-15 22:16:47,152
user_8,song_16,2025-03-04 19:45:31,73
user_94,song_32,2025-03-04 08:38:18,94
user_17,song_43,2025-03-24 01:44:38,114
user_34,song_34,2025-03-21 12:59:29,138
user_70,song_49,2025-03-10 18:21:28,189
user_52,song_43,2025-03-19 03:03:59,254
user_67,song_29,2025-03-06 20:58:48,156
user_29,song_5,2025-03-17 09:53:53,40
user_76,song_36,2025-03-12 04:06:11,142
user_1,song_5,2025-03-03 20:35:34,147
user_9,song_3,2025-03-17 00:58:37,66
user_66,song_16,2025-03-14 12:26:58,278
user_28,song_35,2025-03-07 10:09:16,272
user_32,song_31,2025-03-20 18:15:33,127
user_13,song_7,2025-03-21 22:12:39,211
user_55,song_27,2025-03-23 16:07:23,57
user_87,song_42,2025-03-05 18:39:54,61
user_52,song_47,2025-03-17 11:18:58,85
user_32,song_13,2025-03-10 05:36:33,259
user_18,song_28,2025-03-09 21:46:44,172
user_60,song_16,2025-03-04 15:49:47,256
user_71,song_7,2025-03-03 10:56:22,37
user_12,song_49,2025-03-12 11:24:07,115
user_53,song_32,2025-03-24 08:49:23,139
user_52,song_4,2025-03-08 23:48:58,224
user_1,song_25,2025-03-13 20:59:02,262
user_37,song_28,2025-03-27 23:31:01,279
user_20,song_13,2025-03-15 09:41:22,141
user_8,song_38,2025-03-27 07:42:11,61
user_96,song_21,2025-03-03 18:36:08,55
user_75,song_31,2025-03-25 09:51:47,110
user_8,song_33,2025-03-04 21:20:11,125
user_9,song_39,2025-03-04 07:10:48,150
user_52,song_8,2025-03-12 22:51:42,50
user_80,song_6,2025-03-21 08:25:56,297
user_41,song_17,2025-03-10 21:58:45,190
user_31,song_17,2025-03-20 05:07:26,97
user_86,song_42,2025-03-15 13:31:18,264
user_41,song_49,2025-03-04 12:31:07,34
user_59,song_40,2025-03-05 20:29:11,67
user_69,song_14,2025-03-25 13:23:54,165
user_17,song_23,2025-03-04 08:08:51,155
user_48,song_19,2025-03-08 15:47:18,254
user_70,song_46,2025-03-15 16:27:28,300
user_2,song_43,2025-03-27 22:09:30,183
user_85,song_7,2025-03-07 12:27:37,165
user_15,song_7,2025-03-27 20:33:08,109
user_35,song_19,2025-03-11 05:24:04,205
user_27,song_44,2025-03-13 19:33:48,288
user_63,song_17,2025-03-03 11:11:06,77
user_82,song_28,2025-03-14 10:21:20,52
user_1,song_22,2025-03-07 08:24:57,164
user_21,song_48,2025-03-22 10:46:32,248
user_72,song_1,2025-03-06 10:20:33,68
user_89,song_10,2025-03-27 11:39:31,48
user_48,song_38,2025-03-27 19:44:18,105
user_56,song_9,2025-03-03 00:44:02,187
user_47,song_3,2025-03-18 08:52:40,137
user_88,song_16,2025-03-05 23:45:47,211
user_100,song_36,2025-03-20 17:27:50,109
user_31,song_11,2025-03-09 14:16:51,241
user_4,song_12,2025-03-17 03:01:26,240
user_86,song_48,2025-03-13 01:08:08,166
user_21,song_45,2025-03-06 05:56:25,225
user_5,song_31,2025-03-11 19:09:14,132
user_59,song_23,2025-03-15 19:34:23,146
user_29,song_2,2025-03-10 09:00:45,234
user_43,song_18,2025-03-04 08:52:51,172
user_45,song_42,2025-03-25 17:30:02,234
user_87,song_35,2025-03-17 01:49:03,44
user_15,song_17,2025-03-09 16:02:47,165
user_5,song_7,2025-03-22 02:18:12,206
user_94,song_21,2025-03-22 04:26:08,291
user_15,song_25,2025-03-10 05:27:28,160
user_6,song_46,2025-03-22 04:02:37,30
user_67,song_35,2025-03-10 13:33:45,216
user_56,song_5,2025-03-17 00:42:39,190
user_85,song_8,2025-03-15 13:54:02,289
user_40,song_43,2025-03-20 19:48:44,197
user_52,song_45,2025-03-15 08:27:47,95
user_25,song_27,2025-03-19 09:44:10,119
user_79,song_37,2025-03-15 14:37:55,237
user_71,song_1,2025-03-15 18:02:23,176
user_27,song_28,2025-03-16 15:26:51,268
user_57,song_29,2025-03-11 08:58:48,291
user_61,song_48,2025-03-09 05:42:17,73
user_37,song_33,2025-03-17 06:31:21,77
user_97,song_16,2025-03-16 01:39:53,145
user_26,song_10,2025-03-02 04:27:27,53
user_32,song_31,2025-03-04 12:51:03,263
user_54,song_41,2025-03-10 10:32:00,226
user_64,song_26,2025-03-12 20:15:44,105
user_84,song_45,2025-03-01 06:27:36,84
user_100,song_28,2025-03-11 14:58:06,120
user_90,song_34,2025-03-23 13:14:23,55
user_72,song_16,2025-03-06 21:23:34,263
user_18,song_30,2025-03-26 18:48:48,192
user_97,song_29,2025-03-25 12:06:33,248
user_71,song_29,2025-03-08 17:25:56,273
user_58,song_17,2025-03-13 00:03:18,171
user_99,song_50,2025-03-26 07:21:29,278
user_81,song_16,2025-03-14 07:55:45,255
user_10,song_46,2025-03-14 20:53:50,150
user_35,song_22,2025-03-16 12:29:19,71
user_18,song_10,2025-03-12 05:26:20,226
user_89,song_10,2025-03-11 09:16:23,62
user_54,song_27,2025-03-17 01:30:17,268
user_54,song_4,2025-03-11 00:58:46,245
user_50,song_50,2025-03-01 22:45:22,224
user_62,song_1,2025-03-18 01:49:43,182
user_97,song_25,2025-03-21 08:11:42,142
user_63,song_15,2025-03-14 05:59:33,253
user_63,song_2,2025-03-19 21:03:05,202
user_86,song_44,2025-03-20 15:03:47,114
user_60,song_9,2025-03-26 22:17:56,43
user_51,song_38,2025-03-02 07:34:34,72
user_83,song_28,2025-03-07 14:06:04,266
user_24,song_4,2025-03-13 15:06:14,224
user_42,song_14,2025-03-23 01:45:47,197
user_44,song_49,2025-03-19 09:42:50,172
user_97,song_27,2025-03-13 05:55:03,71
user_61,song_2,2025-03-27 04:28:07,56
user_45,song_15,2025-03-04 07:56:46,50
user_97,song_2,2025-03-13 00:06:21,132
user_3,song_40,2025-03-08 09:32:17,152
user_17,song_31,2025-03-06 13:16:24,141
user_60,song_45,2025-03-13 10:32:43,218
user_22,song_39,2025-03-06 13:26:25,113
user_40,song_7,2025-03-02 05:55:03,189
user_74,song_44,2025-03-19 05:15:51,233
user_92,song_13,2025-03-04 16:32:32,154
user_14,song_45,2025-03-15 15:22:09,91
user_73,song_3,2025-03-17 20:31:18,249
user_85,song_24,2025-03-04 08:20:25,289
user_83,song_22,2025-03-01 14:44:26,245
user_63,song_7,2025-03-22 01:05:28,215
user_82,song_30,2025-03-08 10:14:51,252
user_23,song_47,2025-03-26 07:52:44,168
user_79,song_35,2025-03-24 11:18:55,268
user_56,song_47,2025-03-14 00:42:12,195
user_32,song_6,2025-03-14 12:58:29,260
user_32,song_49,2025-03-23 13:25:28,224
user_44,song_2,2025-03-24 23:54:31,196
user_24,song_32,2025-03-11 07:08:15,211
user_34,song_22,2025-03-14 13:49:32,171
user_72,song_1,2025-03-26 01:54:51,127
user_11,song_16,2025-03-20 17:31:23,280
user_72,song_49,2025-03-12 15:59:51,273
user_83,song_46,2025-03-24 19:50:53,259
user_3,song_6,2025-03-15 06:48:33,143
user_52,song_45,2025-03-12 19:28:15,186
user_85,song_38,2025-03-18 21:56:23,272
user_71,song_34,2025-03-17 16:30:23,247
user_96,song_36,2025-03-17 01:23:59,210
user_90,song_30,2025-03-14 03:38:25,186
user_33,song_15,2025-03-06 20:34:27,128
user_41,song_8,2025-03-27 00:19:36,124
user_25,song_14,2025-03-24 12:07:56,171
user_93,song_38,2025-03-26 11:14:46,174
user_13,song_13,2025-03-15 09:09:07,146
user_47,song_12,2025-03-15 16:10:02,37
user_91,song_35,2025-03-07 03:28:47,170
user_6,song_4,2025-03-27 20:42:35,179
user_90,song_9,2025-03-24 19:54:54,82
user_2,song_37,2025-03-14 19:16:45,270
user_62,song_29,2025-03-17 12:57:04,124
user_7,song_17,2025-03-24 04:35:41,88
user_9,song_26,2025-03-24 20:55:34,67
user_74,song_41,2025-03-03 14:27:32,107
user_20,song_37,2025-03-15 17:59:38,73
user_32,song_8,2025-03-21 04:52:40,145
user_100,song_34,2025-03-19 11:10:21,260
user_57,song_20,2025-03-21 19:37:22,186
user_73,song_40,2025-03-03 22:10:24,80
user_98,song_14,2025-03-11 05:51:43,165
user_85,song_6,2025-03-08 14:59:05,152
user_23,song_36,2025-03-04 15:27:24,110
user_1,song_27,2025-03-22 20:52:29,270
user_38,song_3,2025-03-12 05:41:21,177
user_91,song_19,2025-03-23 00:59:05,66
user_88,song_15,2025-03-13 20:13:42,131
user_55,song_8,2025-03-27 10:27:40,145
user_83,song_10,2025-03-13 21:29:03,102
user_10,song_4,2025-03-09 01:18:50,187
user_77,song_48,2025-03-15 00:15:20,254
user_16,song_30,2025-03-15 18:17:30,236
user_35,song_33,2025-03-27 05:07:26,282
user_57,song_6,2025-03-02 22:26:28,251
user_95,song_21,2025-03-13 03:41:59,43
user_12,song_15,2025-03-02 00:10:12,167
user_74,song_3,2025-03-09 12:06:43,270
user_67,song_42,2025-03-22 11:14:04,172
user_24,song_38,2025-03-22 03:50:34,281
user_12,song_31,2025-03-17 21:24:14,239
user_43,song_21,2025-03-06 01:52:03,112
user_43,song_27,2025-03-25 01:15:47,177
user_85,song_26,2025-03-27 16:54:32,48
user_59,song_6,2025-03-16 06:26:20,159
user_42,song_8,2025-03-20 14:53:53,293
user_1,song_43,2025-03-27 08:10:02,266
user_53,song_4,2025-03-10 02:32:58,295
user_47,song_40,2025-03-25 04:47:11,256
user_98,song_4,2025-03-10 21:09:45,166
user_71,song_9,2025-03-14 23:34:41,254
user_90,song_32,2025-03-06 21:28:17,44
user_81,song_39,2025-03-12 14:48:06,111
user_40,song_36,2025-03-01 15:55:54,238
user_12,song_15,2025-03-06 12:11:30,266
user_16,song_42,2025-03-08 11:23:21,285
user_92,song_19,2025-03-25 16:52:43,169
user_54,song_31,2025-03-23 22:10:33,154
user_59,song_36,2025-03-08 00:31:12,226
user_25,song_39,2025-03-25 16:08:36,99
user_9,song_18,2025-03-21 03:26:34,204
user_65,song_18,2025-03-01 02:59:19,174
user_93,song_20,2025-03-24 18:28:20,106
user_58,song_35,2025-03-24 12:17:55,206
user_43,song_36,2025-03-27 09:08:30,223
user_59,song_21,2025-03-10 03:47:45,152
user_74,song_25,2025-03-12 08:07:11,240
user_6,song_21,2025-03-23 23:03:26,225
user_50,song_43,2025-03-08 09:12:55,283
user_5,song_9,2025-03-25 09:12:41,199
user_13,song_29,2025-03-05 20:10:21,299
user_59,song_1,2025-03-07 23:57:11,239
user_84,song_10,2025-03-04 15:10:52,270
user_34,song_22,2025-03-20 07:06:05,71
user_43,song_44,2025-03-26 21:42:54,224
user_41,song_41,2025-03-24 16:30:00,48
user_80,song_5,2025-03-12 09:31:37,177
user_30,song_48,2025-03-05 09:17:58,252
user_13,song_49,2025-03-05 21:05:57,257
user_22,song_45,2025-03-15 12:54:11,44
user_6,song_21,2025-03-03 17:23:01,180
user_46,song_24,2025-03-21 21:47:11,104
user_32,song_34,2025-03-21 00:04:30,122
user_22,song_12,2025-03-04 20:00:17,225
user_80,song_44,2025-03-12 16:35:13,284
user_75,song_10,2025-03-12 06:31:08,266
user_82,song_17,2025-03-23 07:26:18,160
user_86,song_1,2025-03-23 14:03:33,177
user_87,song_35,2025-03-08 16:03:17,67
user_57,song_23,2025-03-15 12:32:23,247
user_89,song_17,2025-03-23 04:15:08,184
user_26,song_25,2025-03-24 10:58:41,84
user_31,song_25,2025-03-18 10:13:03,181
user_90,song_19,2025-03-02 01:33:41,232
user_36,song_1,2025-03-03 09:08:26,284
user_37,song_50,2025-03-12 04:06:26,210
user_29,song_41,2025-03-10 05:31:11,158
user_87,song_49,2025-03-07 15:21:33,79
user_81,song_42,2025-03-02 21:55:50,188
user_57,song_3,2025-03-18 17:05:38,97
user_12,song_19,2025-03-16 20:39:19,242
user_23,song_13,2025-03-07 09:58:38,217
user_68,song_33,2025-03-14 05:31:02,114
user_33,song_31,2025-03-15 07:51:52,203
user_15,song_30,2025-03-04 15:43:48,102
user_97,song_15,2025-03-20 07:01:04,217
user_12,song_26,2025-03-01 16:12:59,165
user_69,song_8,2025-03-23 01:51:50,218
user_87,song_48,2025-03-13 17:26:24,225
user_82,song_24,2025-03-06 06:13:56,149
user_61,song_2,2025-03-16 22:09:18,143
user_83,song_5,2025-03-23 12:54:39,184
user_84,song_27,2025-03-06 15:56:14,101
user_6,song_3,2025-03-15 18:36:37,282
user_15,song_7,2025-03-12 09:33:42,99
user_50,song_30,2025-03-19 00:15:35,244
user_76,song_48,2025-03-08 12:01:56,242
user_84,song_7,2025-03-24 18:07:50,238
user_36,song_3,2025-03-18 23:41:55,141
user_57,song_29,2025-03-12 11:05:28,215
user_13,song_44,2025-03-18 19:58:34,213
user_8,song_26,2025-03-14 09:25:30,127
user_16,song_30,2025-03-05 10:48:26,138
user_83,song_41,2025-03-02 00:52:59,55
user_43,song_16,2025-03-07 02:42:43,135
user_9,song_49,2025-03-27 21:41:55,136
user_76,song_14,2025-03-12 07:27:47,198
user_100,song_10,2025-03-01 03:18:13,171
user_19,song_9,2025-03-27 05:23:47,158
user_23,song_8,2025-03-02 06:02:09,97
user_2,song_23,2025-03-12 13:12:37,195
user_3,song_12,2025-03-13 21:10:32,56
user_17,song_48,2025-03-21 10:27:16,299
user_15,song_48,2025-03-04 02:03:01,273
user_58,song_50,2025-03-18 13:48:21,292
user_76,song_7,2025-03-22 22:37:28,287
user_29,song_40,2025-03-03 02:31:26,296
user_39,song_30,2025-03-02 12:17:35,61
user_62,song_26,2025-03-21 16:38:41,85
user_63,song_46,2025-03-22 12:47:15,67
user_11,song_21,2025-03-08 04:49:17,63
user_17,song_18,2025-03-27 14:52:53,196
user_49,song_39,2025-03-26 18:08:36,180
user_59,song_33,2025-03-21 21:13:06,80
user_90,song_8,2025-03-27 18:21:07,140
user_56,song_29,2025-03-12 02:12:51,241
user_44,song_30,2025-03-20 08:33:15,242
user_94,song_7,2025-03-16 04:08:42,248
user_41,song_43,2025-03-13 08:58:05,221
user_20,song_44,2025-03-24 00:33:43,64
user_12,song_6,2025-03-05 12:37:15,251
user_13,song_48,2025-03-19 02:09:54,96
user_72,song_4,2025-03-17 00:03:55,92
user_53,song_23,2025-03-21 12:45:25,56
user_37,song_39,2025-03-16 04:01:45,210
user_14,song_37,2025-03-25 15:10:42,138
user_20,song_43,2025-03-24 09:47:28,144
user_14,song_23,2025-03-18 20:14:22,88
user_98,song_18,2025-03-11 23:29:39,249
user_72,song_50,2025-03-02 06:35:16,166
user_4,song_12,2025-03-14 06:22:59,188
user_44,song_23,2025-03-01 07:06:49,122
user_19,song_37,2025-03-20 10:56:51,65
user_19,song_48,2025-03-02 11:43:05,76
user_96,song_34,2025-03-11 10:38:52,222
user_54,song_30,2025-03-17 13:10:21,110
user_48,song_20,2025-03-16 17:56:00,73
user_7,song_10,2025-03-08 15:23:44,55
user_87,song_6,2025-03-14 05:01:22,256
user_85,song_28,2025-03-24 13:50:12,256
user_54,song_18,2025-03-11 11:09:21,292
user_15,song_23,2025-03-21 20:53:08,86
user_37,song_44,2025-03-24 14:58:05,299
user_86,song_20,2025-03-03 04:54:54,142
user_51,song_39,2025-03-03 15:49:32,33
user_27,song_20,2025-03-11 06:06:19,100
user_98,song_17,2025-03-15 01:13:49,197
user_16,song_1,2025-03-25 03:29:45,250
user_23,song_9,2025-03-19 10:58:25,147
user_65,song_36,2025-03-18 04:38:04,66
user_51,song_48,2025-03-03 01:17:08,253
user_3,song_30,2025-03-04 18:42:59,190
user_74,song_28,2025-03-20 15:11:12,243
user_38,song_8,2025-03-20 15:53:48,40
user_42,song_11,2025-03-23 08:03:06,215
user_12,song_28,2025-03-06 03:20:22,154
user_56,song_38,2025-03-20 10:33:28,298
user_11,song_26,2025-03-16 01:29:45,203
user_29,song_22,2025-03-09 03:53:19,69
user_66,song_41,2025-03-06 12:51:02,291
user_25,song_50,2025-03-17 23:03:06,209
user_94,song_42,2025-03-08 04:04:16,150
user_14,song_10,2025-03-13 10:13:28,131
user_23,song_39,2025-03-08 10:06:22,68
user_23,song_50,2025-03-24 23:41:17,267
user_97,song_37,2025-03-22 19:00:45,195
user_81,song_21,2025-03-08 07:52:41,255
user_9,song_31,2025-03-22 11:12:35,185
user_36,song_38,2025-03-03 17:26:42,210
user_65,song_5,2025-03-16 01:39:04,266
user_58,song_3,2025-03-03 18:16:54,218
user_37,song_5,2025-03-05 09:12:10,289
user_50,song_30,2025-03-27 21:49:31,51
user_58,song_37,2025-03-10 03:18:53,194
user_78,song_31,2025-03-25 08:08:06,107
user_8,song_29,2025-03-06 00:35:18,205
user_92,song_6,2025-03-25 11:50:31,118
user_6,song_16,2025-03-22 06:01:31,254
user_68,song_34,2025-03-08 16:57:09,216
user_48,song_19,2025-03-19 19:22:22,239
user_100,song_22,2025-03-03 13:00:36,201
user_9,song_22,2025-03-05 14:06:26,227
user_37,song_17,2025-03-08 07:11:51,200
user_11,song_38,2025-03-07 20:46:33,209
user_40,song_42,2025-03-20 00:39:50,96
user_77,song_46,2025-03-05 02:42:17,188
user_72,song_25,2025-03-16 22:42:10,95
user_86,song_45,2025-03-26 13:17:33,77
user_83,song_43,2025-03-21 13:18:15,290
user_47,song_2,2025-03-18 14:27:24,188
user_24,song_14,2025-03-17 14:08:49,278
user_25,song_15,2025-03-07 16:16:30,109
user_10,song_19,2025-03-05 21:50:15,289
user_99,song_35,2025-03-26 13:27:13,49
user_85,song_22,2025-03-07 08:40:59,222
user_20,song_11,2025-03-09 18:42:02,114
user_93,song_29,2025-03-03 02:54:19,240
user_47,song_44,2025-03-12 12:44:33,257
user_79,song_19,2025-03-22 19:02:20,149
user_69,song_16,2025-03-16 00:33:22,270
user_25,song_24,2025-03-22 09:19:59,266
user_99,song_19,2025-03-19 12:54:49,287
user_68,song_27,2025-03-08 20:48:41,132
user_78,song_9,2025-03-13 03:16:29,56
user_83,song_31,2025-03-19 00:29:36,82
user_92,song_34,2025-03-07 01:15:36,175
user_11,song_49,2025-03-08 18:46:38,169
user_58,song_33,2025-03-08 03:40:25,253
user_12,song_15,2025-03-22 21:36:07,208
user_4,song_27,2025-03-03 14:02:55,232
user_65,song_24,2025-03-12 10:42:04,227
user_11,song_24,2025-03-11 21:36:23,44
user_41,song_7,2025-03-17 06:38:29,104
user_18,song_3,2025-03-14 22:14:19,271
user_90,song_9,2025-03-23 18:33:10,259
user_79,song_1,2025-03-04 20:18:16,39
user_33,song_14,2025-03-08 06:12:10,300
user_55,song_8,2025-03-14 23:39:45,151
user_39,song_8,2025-03-03 07:37:55,152
user_54,song_41,2025-03-23 04:34:33,62
user_15,song_32,2025-03-27 00:32:52,38
user_81,song_33,2025-03-12 17:52:42,103
user_38,song_28,2025-03-01 01:49:21,210
user_31,song_37,2025-03-21 05:20:11,125
user_86,song_43,2025-03-05 03:44:50,298
user_47,song_5,2025-03-26 12:54:13,289
user_65,song_36,2025-03-01 23:41:28,229
user_61,song_3,2025-03-19 18:44:57,221
user_33,song_48,2025-03-01 18:55:24,212
user_9,song_23,2025-03-12 16:55:55,83
user_99,song_38,2025-03-17 03:24:44,98
user_6,song_23,2025-03-27 12:09:07,203
user_83,song_12,2025-03-23 13:19:29,275
user_81,song_12,2025-03-07 13:06:52,62
user_92,song_50,2025-03-23 05:14:07,48
user_38,song_13,2025-03-03 03:02:16,132
user_6,song_21,2025-03-16 01:15:52,293
user_51,song_35,2025-03-23 23:33:02,159
user_5,song_49,2025-03-10 06:39:05,176
user_46,song_50,2025-03-03 07:41:44,199
user_35,song_8,2025-03-18 20:46:24,253
user_52,song_48,2025-03-22 08:19:49,227
user_44,song_12,2025-03-25 02:07:07,284
user_48,song_34,2025-03-13 22:45:07,72
user_94,song_28,2025-03-04 19:57:23,250
user_78,song_12,2025-03-27 11:31:25,180
user_42,song_7,2025-03-04 21:17:13,197
user_85,song_19,2025-03-15 21:05:36,258
user_78,song_46,2025-03-21 16:27:40,115
user_89,song_29,2025-03-18 01:34:54,258
user_6,song_47,2025-03-18 02:45:40,252
user_36,song_41,2025-03-03 18:49:37,68
user_86,song_41,2025-03-20 17:16:09,216
user_66,song_48,2025-03-08 18:23:52,45
user_19,song_39,2025-03-22 06:30:30,47
user_17,song_5,2025-03-12 10:57:16,217
user_47,song_25,2025-03-02 13:43:53,108
user_87,song_29,2025-03-19 00:12:17,220
user_57,song_49,2025-03-04 17:34:40,100
user_68,song_24,2025-03-20 07:44:35,190
user_84,song_18,2025-03-13 02:49:07,88
user_4,song_48,2025-03-10 00:45:42,285
user_67,song_25,2025-03-06 17:12:05,164
user_100,song_17,2025-03-22 15:56:45,139
user_79,song_19,2025-03-24 20:17:22,132
user_16,song_9,2025-03-04 14:16:36,261
user_23,song_46,2025-03-22 14:35:31,74
user_88,song_21,2025-03-17 20:46:47,63
user_71,song_35,2025-03-15 02:17:47,183
user_21,song_46,2025-03-09 10:49:50,215
user_66,song_15,2025-03-06 21:23:51,132
user_18,song_16,2025-03-24 23:34:38,43
user_47,song_36,2025-03-18 21:48:45,269
user_71,song_9,2025-03-05 04:26:53,63
user_40,song_26,2025-03-24 05:41:06,299
user_53,song_50,2025-03-20 21:01:28,67
user_17,song_21,2025-03-04 14:24:30,260
user_60,song_44,2025-03-26 02:46:05,206
user_17,song_50,2025-03-27 18:18:54,123
user_99,song_9,2025-03-22 00:02:12,287
user_8,song_8,2025-03-26 03:37:57,108
user_39,song_11,2025-03-08 20:42:18,195
user_91,song_15,2025-03-17 19:08:45,295
user_37,song_6,2025-03-13 03:58:34,130
user_82,song_36,2025-03-14 07:45:31,94
user_81,song_20,2025-03-26 21:32:49,77
user_65,song_42,2025-03-09 04:28:30,108
user_22,song_43,2025-03-17 09:21:19,51
user_4,song_6,2025-03-03 04:58:00,165
user_84,song_14,2025-03-21 05:21:31,45
user_64,song_41,2025-03-27 11:38:37,178
user_83,song_20,2025-03-24 10:40:17,155
user_88,song_26,2025-03-15 10:32:08,262
user_10,song_45,2025-03-03 21:48:13,110
user_57,song_27,2025-03-24 12:11:36,267
user_27,song_22,2025-03-07 23:23:10,190
user_92,song_21,2025-03-17 18:23:09,234
user_17,song_49,2025-03-18 23:42:38,293
user_72,song_7,2025-03-16 11:47:49,153
user_60,song_8,2025-03-13 23:37:37,260
user_32,song_10,2025-03-05 16:47:37,55
user_38,song_25,2025-03-21 07:09:44,157
user_21,song_21,2025-03-16 04:20:21,127
user_98,song_11,2025-03-25 04:31:17,293
user_60,song_32,2025-03-15 23:28:32,284
user_3,song_6,2025-03-20 02:09:37,288
user_59,song_16,2025-03-11 10:39:41,210
user_7,song_4,2025-03-14 15:48:14,283
user_77,song_42,2025-03-23 20:16:24,176
user_69,song_1,2025-03-06 05:14:35,250
user_18,song_17,2025-03-18 18:09:42,236
user_47,song_3,2025-03-20 10:42:41,56
user_73,song_36,2025-03-10 10:47:23,215
user_71,song_19,2025-03-04 13:40:14,227
user_65,song_29,2025-03-27 16:37:47,173
user_80,song_44,2025-03-06 18:25:29,95
user_13,song_26,2025-03-19 02:48:27,203
user_72,song_24,2025-03-08 00:05:01,131
user_78,song_33,2025-03-20 11:38:59,286
user_6,song_3,2025-03-02 21:20:17,100
user_92,song_22,2025-03-23 23:57:06,295
user_59,song_10,2025-03-26 00:36:27,101
user_42,song_40,2025-03-16 11:06:51,113
user_51,song_40,2025-03-15 12:37:59,202
user_65,song_33,2025-03-26 20:13:15,280
user_91,song_37,2025-03-15 13:16:52,273
user_3,song_24,2025-03-17 01:55:19,86
user_54,song_38,2025-03-15 22:28:14,43
user_77,song_31,2025-03-13 21:21:55,146
user_93,song_4,2025-03-24 07:45:48,117
user_68,song_41,2025-03-19 10:57:13,105
user_88,song_16,2025-03-02 12:46:56,86
user_25,song_2,2025-03-22 09:50:49,190
user_54,song_10,2025-03-21 01:08:00,134
user_53,song_33,2025-03-23 21:27:36,61
user_91,song_9,2025-03-26 04:18:35,136
user_72,song_21,2025-03-24 05:20:33,299
user_49,song_21,2025-03-09 09:46:19,265
user_69,song_22,2025-03-27 12:27:15,211
user_87,song_50,2025-03-13 20:00:15,277
user_25,song_16,2025-03-14 13:03:57,182
user_29,song_20,2025-03-15 00:42:51,136
user_89,song_46,2025-03-24 17:43:47,192
user_62,song_23,2025-03-14 06:36:04,177
user_16,song_37,2025-03-27 08:51:47,224
user_51,song_23,2025-03-08 02:39:25,178
user_6,song_19,2025-03-04 20:04:33,207
user_57,song_42,2025-03-13 10:46:43,275
user_28,song_13,2025-03-27 03:29:19,168
user_72,song_45,2025-03-14 04:27:43,100
user_14,song_40,2025-03-12 14:47:01,154
user_7,song_43,2025-03-26 18:42:29,145
user_82,song_15,2025-03-03 13:09:23,81
user_53,song_22,2025-03-23 22:23:25,81
user_88,song_50,2025-03-07 16:09:38,32
user_71,song_11,2025-03-20 18:04:53,273
user_62,song_42,2025-03-10 16:22:58,177
user_42,song_19,2025-03-03 20:55:45,75
user_84,song_37,2025-03-12 06:33:22,49
user_23,song_27,2025-03-09 12:48:31,48
user_51,song_32,2025-03-10 01:04:07,178
user_5,song_1,2025-03-15 11:39:07,84
user_43,song_19,2025-03-23 01:21:18,298
user_64,song_9,2025-03-25 11:27:01,269
user_35,song_13,2025-03-06 11:14:34,199
user_21,song_47,2025-03-23 06:40:26,161
user_92,song_12,2025-03-01 16:24:33,202
user_38,song_37,2025-03-10 09:02:57,119
user_79,song_41,2025-03-20 16:25:49,248
user_66,song_21,2025-03-05 05:03:24,235
user_86,song_7,2025-03-09 23:17:08,101
user_62,song_21,2025-03-13 00:59:44,33
user_34,song_25,2025-03-12 10:24:07,258
user_97,song_18,2025-03-17 00:02:28,184
user_75,song_47,2025-03-01 13:19:24,163
user_84,song_24,2025-03-12 11:18:44,61
user_86,song_8,2025-03-23 14:13:28,187
user_21,song_26,2025-03-25 09:28:43,189
user_89,song_8,2025-03-15 07:44:37,218
user_79,song_15,2025-03-11 15:18:11,98
user_62,song_10,2025-03-23 02:05:18,221
user_54,song_45,2025-03-27 15:54:16,271
user_97,song_35,2025-03-11 14:28:04,156
user_88,song_49,2025-03-04 23:23:08,299
user_58,song_34,2025-03-18 13:30:35,69
user_73,song_8,2025-03-03 23:57:12,288
user_26,song_37,2025-03-27 01:15:15,106
user_22,song_21,2025-03-26 06:14:30,256
user_15,song_44,2025-03-10 23:18:36,280
user_12,song_33,2025-03-22 15:01:29,58
user_59,song_9,2025-03-25 21:58:37,242
user_59,song_37,2025-03-03 19:16:05,266
user_87,song_20,2025-03-02 01:21:51,232
user_33,song_1,2025-03-11 13:52:24,67
user_6,song_28,2025-03-17 17:24:18,62
user_70,song_4,2025-03-04 08:24:47,271
user_5,song_19,2025-03-20 20:21:52,122
user_99,song_9,2025-03-21 09:45:25,221
user_49,song_29,2025-03-19 07:48:54,222
user_11,song_44,2025-03-27 04:19:49,98
user_84,song_23,2025-03-06 18:13:03,121
user_69,song_26,2025-03-26 16:08:46,95
user_94,song_15,2025-03-01 04:02:48,41
user_39,song_30,2025-03-27 10:19:29,247
user_69,song_25,2025-03-12 03:34:40,156
user_59,song_23,2025-03-08 12:43:46,171
user_25,song_47,2025-03-06 11:28:24,46
user_85,song_27,2025-03-01 18:13:43,153
user_27,song_5,2025-03-05 21:33:11,47
user_58,song_39,2025-03-03 08:42:43,155
user_95,song_3,2025-03-20 12:40:23,254
user_30,song_35,2025-03-11 13:08:13,58
user_18,song_33,2025-03-15 01:00:58,149
user_94,song_37,2025-03-16 11:32:59,194
user_31,song_20,2025-03-07 22:54:37,296
user_29,song_27,2025-03-15 14:06:32,170
user_8,song_36,2025-03-09 12:02:41,248
user_72,song_32,2025-03-03 06:37:26,206
user_83,song_43,2025-03-19 12:04:38,298
user_41,song_45,2025-03-21 05:03:12,239
user_20,song_20,2025-03-19 06:36:28,124
user_97,song_35,2025-03-23 23:41:21,153
user_29,song_20,2025-03-08 00:10:55,267
user_8,song_36,2025-03-21 00:48:14,243
user_72,song_34,2025-03-07 12:13:45,228
user_32,song_17,2025-03-10 20:54:16,199
user_83,song_6,2025-03-22 20:02:22,219
user_12,song_35,2025-03-10 05:55:37,56
user_35,song_25,2025-03-02 22:04:34,67
user_25,song_49,2025-03-11 12:50:33,275
user_27,song_22,2025-03-15 17:14:22,37
user_28,song_13,2025-03-06 16:40:59,275
user_32,song_45,2025-03-10 22:16:30,233
user_31,song_36,2025-03-16 14:42:31,174
user_49,song_30,2025-03-26 21:44:50,213
user_40,song_17,2025-03-18 11:00:58,292
user_64,song_30,2025-03-05 18:53:12,270
user_98,song_21,2025-03-10 20:39:38,219
user_41,song_27,2025-03-03 05:15:44,143
user_95,song_10,2025-03-01 18:53:51,163
user_71,song_38,2025-03-21 06:30:49,181
user_20,song_13,2025-03-17 00:19:15,147
user_49,song_37,2025-03-12 22:17:46,285
user_71,song_42,2025-03-17 09:17:27,161
user_98,song_32,2025-03-24 19:35:07,265
user_22,song_47,2025-03-18 02:18:53,116
user_18,song_47,2025-03-27 12:46:21,280
user_24,song_35,2025-03-03 20:25:40,298
user_5,song_5,2025-03-03 08:31:24,33
user_53,song_9,2025-03-12 05:38:22,64
user_91,song_10,2025-03-01 10:39:02,141
user_65,song_30,2025-03-19 02:48:37,60
user_80,song_41,2025-03-24 10:58:25,279
user_3,song_1,2025-03-26 20:04:20,240
user_2,song_2,2025-03-26 16:48:58,170
user_69,song_19,2025-03-01 19:58:21,287
user_90,song_44,2025-03-21 21:39:14,121
user_14,song_7,2025-03-26 10:57:11,106
user_31,song_13,2025-03-26 13:21:56,159
user_46,song_18,2025-03-20 06:25:04,70
user_48,song_26,2025-03-23 06:46:16,154
user_90,song_15,2025-03-15 13:29:44,71
user_84,song_42,2025-03-02 12:54:54,77
user_52,song_25,2025-03-19 07:26:03,273
user_8,song_41,2025-03-01 11:00:36,117
user_11,song_32,2025-03-22 01:32:28,199
user_73,song_7,2025-03-26 15:21:00,51
user_30,song_14,2025-03-24 01:59:52,168
user_6,song_5,2025-03-14 14:39:29,46
user_23,song_21,2025-03-01 18:14:34,136
user_76,song_10,2025-03-20 08:02:54,69
user_39,song_11,2025-03-12 16:10:13,229
user_87,song_35,2025-03-17 02:29:35,226
user_97,song_48,2025-03-07 19:03:15,70
user_65,song_48,2025-03-17 18:57:19,57
user_13,song_28,2025-03-12 06:28:02,68
user_44,song_39,2025-03-20 06:11:33,197
user_4,song_41,2025-03-14 06:26:56,260
user_63,song_15,2025-03-18 06:33:00,222
user_56,song_12,2025-03-19 10:49:00,73
user_99,song_40,2025-03-15 08:08:31,156
user_92,song_5,2025-03-04 23:34:52,167
user_20,song_25,2025-03-08 11:44:44,229
user_41,song_24,2025-03-06 04:08:26,76
user_1,song_20,2025-03-22 14:09:17,214
user_98,song_18,2025-03-05 23:06:29,97
user_12,song_12,2025-03-21 22:07:39,259
user_72,song_36,2025-03-25 21:02:12,238
user_14,song_2,2025-03-05 08:24:48,211
user_71,song_6,2025-03-16 17:59:19,227
user_2,song_19,2025-03-21 02:07:25,228
user_100,song_6,2025-03-12 18:48:55,296
user_22,song_44,2025-03-19 11:35:05,116
user_18,song_18,2025-03-15 14:50:36,167
user_64,song_10,2025-03-04 01:42:41,115
user_56,song_18,2025-03-21 10:37:11,183
user_62,song_5,2025-03-18 12:44:27,158
user_32,song_47,2025-03-25 01:39:06,130
user_59,song_7,2025-03-07 13:51:24,185
user_1,song_26,2025-03-17 03:03:39,224
user_43,song_29,2025-03-17 05:59:45,250
user_84,song_39,2025-03-07 14:35:47,183
user_42,song_39,2025-03-10 18:00:32,275
user_41,song_12,2025-03-20 07:58:57,193
user_38,song_48,2025-03-24 20:03:53,154
user_42,song_25,2025-03-14 14:34:24,231
user_47,song_8,2025-03-10 16:47:02,122
user_88,song_50,2025-03-27 16:54:43,43
user_94,song_30,2025-03-11 04:15:29,254
user_38,song_45,2025-03-04 08:34:32,239
user_87,song_32,2025-03-07 18:09:19,185
user_31,song_17,2025-03-08 11:35:23,246
user_49,song_5,2025-03-22 19:12:02,275
user_75,song_26,2025-03-26 22:34:59,289
user_89,song_27,2025-03-27 09:23:33,48
user_47,song_45,2025-03-27 01:32:26,73
user_14,song_50,2025-03-13 01:12:36,211
user_22,song_42,2025-03-03 03:36:33,234
user_97,song_22,2025-03-21 21:31:01,84
user_2,song_7,2025-03-13 13:27:07,143
user_66,song_48,2025-03-26 04:26:35,143
user_58,song_24,2025-03-19 23:42:15,267
user_99,song_44,2025-03-25 07:05:05,107
user_45,song_2,2025-03-24 10:28:08,83
user_38,song_27,2025-03-05 04:01:41,89
user_94,song_10,2025-03-17 21:49:56,189
user_44,song_30,2025-03-11 01:01:04,296
user_62,song_23,2025-03-24 02:46:10,79
user_57,song_47,2025-03-22 23:08:21,193
user_9,song_20,2025-03-03 04:03:34,88
user_3,song_22,2025-03-06 07:25:00,114
user_95,song_16,2025-03-26 01:10:35,119
user_71,song_11,2025-03-17 01:37:51,248
user_60,song_15,2025-03-20 15:54:52,124
user_24,song_41,2025-03-21 23:28:23,232
user_4,song_48,2025-03-10 13:53:58,260
user_76,song_28,2025-03-19 21:01:35,32
user_91,song_14,2025-03-10 23:45:22,172
user_97,song_46,2025-03-04 00:53:31,82
user_69,song_12,2025-03-18 18:10:47,196
user_26,song_30,2025-03-06 12:46:01,164
user_86,song_32,2025-03-26 14:49:57,190
user_77,song_25,2025-03-20 01:20:48,88
user_45,song_23,2025-03-23 05:26:46,118
user_87,song_46,2025-03-15 10:32:54,73
user_87,song_9,2025-03-16 04:53:16,90
user_31,song_20,2025-03-06 16:15:19,123
user_48,song_45,2025-03-07 20:41:40,291
user_50,song_27,2025-03-07 16:37:37,226
user_55,song_12,2025-03-24 15:00:42,118
user_72,song_11,2025-03-24 18:28:27,177
user_18,song_12,2025-03-16 06:30:44,260
user_80,song_4,2025-03-18 10:18:39,34
user_63,song_9,2025-03-10 11:20:28,226
user_72,song_33,2025-03-25 00:40:54,239
user_88,song_32,2025-03-21 04:14:40,257
user_63,song_11,2025-03-05 00:19:05,45
user_98,song_15,2025-03-15 04:18:33,46
user_36,song_15,2025-03-27 02:21:33,177
user_22,song_50,2025-03-23 04:49:04,283
user_71,song_33,2025-03-06 11:54:01,88
user_35,song_50,2025-03-27 08:45:52,217
user_70,song_49,2025-03-03 00:28:47,255
user_70,song_14,2025-03-21 15:20:28,82
user_95,song_42,2025-03-13 00:23:42,182
user_5,song_29,2025-03-13 18:12:06,208
user_12,song_29,2025-03-06 16:45:52,151
user_27,song_48,2025-03-18 00:30:52,249
user_22,song_40,2025-03-07 18:13:13,135
user_27,song_4,2025-03-18 00:43:46,173
user_77,song_35,2025-03-09 04:10:25,195
user_91,song_19,2025-03-15 01:05:51,166
user_66,song_44,2025-03-05 14:56:43,99
user_97,song_27,2025-03-03 21:04:23,171
user_84,song_9,2025-03-07 10:35:45,157
user_19,song_46,2025-03-16 15:16:11,156
user_98,song_44,2025-03-20 01:31:46,280
user_19,song_37,2025-03-14 01:04:41,242
user_49,song_29,2025-03-04 15:58:58,77
user_52,song_33,2025-03-14 12:09:23,218
user_59,song_32,2025-03-16 21:19:10,31
user_100,song_47,2025-03-05 12:31:04,264
user_82,song_43,2025-03-18 09:21:35,62
user_69,song_26,2025-03-11 13:47:24,249
user_28,song_32,2025-03-14 00:52:05,195
user_37,song_22,2025-03-27 13:39:46,96
user_73,song_32,2025-03-17 16:29:08,54
user_6,song_7,2025-03-23 07:27:05,38
user_16,song_11,2025-03-22 10:08:07,263
user_1,song_28,2025-03-10 19:43:04,97
user_84,song_20,2025-03-08 17:13:19,170
user_12,song_42,2025-03-18 11:56:15,158
user_11,song_24,2025-03-09 00:51:02,56
user_51,song_41,2025-03-15 19:56:38,149
user_55,song_42,2025-03-05 10:15:17,78
user_1,song_14,2025-03-24 03:31:12,69
user_17,song_38,2025-03-11 23:31:53,295
user_88,song_29,2025-03-01 10:49:12,34
user_90,song_22,2025-03-06 20:30:06,246
user_89,song_9,2025-03-24 04:33:40,66
user_30,song_25,2025-03-05 08:04:41,82
user_14,song_21,2025-03-18 20:14:25,183
user_18,song_25,2025-03-07 11:07:35,103
user_9,song_34,2025-03-01 09:52:25,114
user_57,song_23,2025-03-11 08:13:39,107
user_53,song_40,2025-03-22 11:24:52,141
user_12,song_7,2025-03-07 19:07:37,93
user_76,song_47,2025-03-19 15:25:46,209
user_55,song_21,2025-03-07 18:54:50,156
user_36,song_42,2025-03-05 02:09:24,157
user_71,song_39,2025-03-14 19:57:24,43
user_85,song_20,2025-03-10 23:21:41,295
user_78,song_33,2025-03-10 03:47:20,230
user_38,song_42,2025-03-03 15:34:39,152
user_64,song_25,2025-03-06 11:21:21,153
user_64,song_41,2025-03-04 10:44:05,300
user_2,song_24,2025-03-16 08:43:02,97
user_50,song_37,2025-03-21 10:20:29,217
user_70,song_44,2025-03-09 09:17:31,271
user_99,song_5,2025-03-01 19:26:40,64
user_2,song_17,2025-03-11 11:21:31,50
user_8,song_26,2025-03-25 14:14:38,176
user_81,song_46,2025-03-25 07:45:51,242
user_55,song_45,2025-03-20 12:41:13,72
user_82,song_35,2025-03-27 02:24:50,108
user_36,song_6,2025-03-16 01:04:03,70
user_66,song_14,2025-03-08 13:01:38,197
user_51,song_38,2025-03-04 05:01:46,188
user_90,song_28,2025-03-12 14:01:57,59
user_32,song_6,2025-03-22 02:12:36,89
user_59,song_40,2025-03-03 16:06:46,188
user_86,song_48,2025-03-09 12:38:32,91
user_2,song_46,2025-03-07 15:51:47,35
user_21,song_32,2025-03-17 19:56:26,297
user_67,song_47,2025-03-13 14:02:40,115
user_48,song_9,2025-03-14 01:07:59,90
user_99,song_2,2025-03-17 06:18:58,249
user_35,song_34,2025-03-04 02:24:58,164
user_92,song_37,2025-03-04 17:47:35,284
user_59,song_33,2025-03-18 11:34:29,58
user_64,song_37,2025-03-09 02:25:51,218
user_21,song_17,2025-03-05 23:53:34,89
user_30,song_48,2025-03-25 16:49:26,31
user_6,song_1,2025-03-12 20:55:23,53
user_61,song_24,2025-03-19 14:12:12,106
user_23,song_3,2025-03-27 20:08:02,244
user_29,song_21,2025-03-13 01:14:51,243
user_93,song_21,2025-03-14 04:02:18,69
user_74,song_24,2025-03-06 19:06:43,287
user_87,song_4,2025-03-09 16:57:04,144
user_67,song_3,2025-03-20 11:06:40,65
user_60,song_19,2025-03-16 01:59:20,197
user_12,song_36,2025-03-23 04:08:52,34
user_48,song_13,2025-03-15 03:43:58,185
user_95,song_40,2025-03-12 18:37:51,267
user_48,song_38,2025-03-24 22:48:24,130
user_94,song_35,2025-03-12 21:35:36,107
user_1,song_27,2025-03-02 03:51:26,149
user_70,song_23,2025-03-01 11:10:43,201
user_1,song_49,2025-03-19 06:23:31,187
user_14,song_14,2025-03-26 17:16:43,151
user_54,song_32,2025-03-03 21:46:58,102
user_92,song_18,2025-03-05 12:23:02,52
user_30,song_34,2025-03-21 01:14:45,220
user_59,song_48,2025-03-05 02:55:06,78
user_65,song_9,2025-03-20 03:27:09,68
user_76,song_37,2025-03-04 00:33:53,252
user_85,song_9,2025-03-12 11:51:32,179
user_34,song_21,2025-03-20 01:49:22,197
user_41,song_29,2025-03-14 04:51:05,149
user_10,song_13,2025-03-07 14:34:54,85
user_20,song_7,2025-03-08 23:30:38,260
user_60,song_21,2025-03-20 17:37:17,91
user_69,song_23,2025-03-11 01:54:49,261
user_40,song_30,2025-03-13 20:45:23,91
user_12,song_11,2025-03-15 18:26:10,50
user_28,song_21,2025-03-08 04:48:35,76
user_92,song_16,2025-03-18 06:28:13,232
user_66,song_4,2025-03-15 12:10:28,163
user_23,song_2,2025-03-20 15:09:03,261
user_72,song_48,2025-03-27 16:56:14,157
user_13,song_30,2025-03-05 22:43:50,101
user_16,song_1,2025-03-03 23:50:59,143
user_17,song_13,2025-03-20 10:42:41,220
user_88,song_41,2025-03-05 01:54:46,162
user_10,song_2,2025-03-04 03:06:55,131
user_83,song_29,2025-03-07 06:03:10,77
user_43,song_8,2025-03-03 01:44:41,266
user_7,song_11,2025-03-22 00:39:49,232
user_64,song_2,2025-03-19 13:54:43,248
user_23,song_23,2025-03-11 10:09:44,125
user_36,song_18,2025-03-22 15:38:27,106
user_5,song_40,2025-03-12 22:21:36,181
user_64,song_27,2025-03-27 17:35:55,275
user_8,song_6,2025-03-14 13:57:45,226
user_18,song_27,2025-03-10 16:23:06,299
user_32,song_41,2025-03-27 09:24:21,39
user_49,song_46,2025-03-18 10:23:45,275
user_70,song_32,2025-03-17 16:49:43,287
user_42,song_25,2025-03-14 03:04:49,122
user_4,song_21,2025-03-11 15:10:37,45
user_100,song_18,2025-03-03 20:15:49,271
user_68,song_23,2025-03-12 07:11:15,111
user_13,song_16,2025-03-12 16:57:48,166
user_69,song_48,2025-03-03 17:08:17,142
user_74,song_25,2025-03-18 05:22:38,118
user_23,song_16,2025-03-16 10:30:06,213
user_76,song_2,2025-03-18 01:44:21,102
user_73,song_13,2025-03-24 21:29:08,188
user_23,song_32,2025-03-02 20:13:51,76
user_8,song_15,2025-03-11 14:55:51,40
user_68,song_31,2025-03-01 00:47:46,199
user_79,song_13,2025-03-07 08:01:52,204
user_92,song_12,2025-03-16 17:00:29,60
user_3,song_10,2025-03-07 21:02:14,86
user_68,song_24,2025-03-04 12:30:19,221
user_91,song_43,2025-03-20 04:54:08,81
user_44,song_20,2025-03-16 15:51:35,99
user_21,song_47,2025-03-22 04:59:18,279
user_84,song_21,2025-03-09 10:57:38,212
user_29,song_43,2025-03-09 12:17:58,223
user_40,song_47,2025-03-15 07:08:14,95
user_23,song_47,2025-03-01 02:05:40,230
user_99,song_37,2025-03-02 13:43:43,123
user_78,song_21,2025-03-11 17:21:41,83
user_64,song_10,2025-03-17 01:50:21,69
user_31,song_23,2025-03-16 12:15:58,115
user_82,song_6,2025-03-17 07:10:35,258
user_2,song_17,2025-03-11 04:17:59,157
user_89,song_5,2025-03-18 00:20:24,161
user_14,song_47,2025-03-01 01:29:33,54
user_50,song_29,2025-03-21 08:55:53,115
user_53,song_32,2025-03-19 09:13:55,209
user_70,song_25,2025-03-05 22:10:22,275
user_74,song_42,2025-03-11 22:49:22,113
user_58,song_5,2025-03-02 14:55:43,180
user_3,song_21,2025-03-13 16:14:08,83
user_10,song_22,2025-03-09 06:11:12,222
user_21,song_47,2025-03-04 15:23:02,77
user_44,song_39,2025-03-24 10:25:44,45
user_56,song_42,2025-03-09 00:14:08,252
user_21,song_4,2025-03-05 21:58:26,199
user_27,song_13,2025-03-20 20:50:44,165
user_85,song_19,2025-03-15 10:29:48,151
user_13,song_4,2025-03-20 01:45:51,281
user_20,song_4,2025-03-18 12:23:46,31
user_55,song_6,2025-03-15 07:10:29,275
user_26,song_7,2025-03-02 05:59:03,135
user_22,song_41,2025-03-15 03:59:05,71
user_61,song_8,2025-03-15 23:15:27,233
user_61,song_32,2025-03-13 20:45:09,76
user_83,song_35,2025-03-19 19:30:06,124
user_48,song_25,2025-03-18 22:23:02,125
user_58,song_3,2025-03-13 18:45:43,255
user_60,song_17,2025-03-11 23:35:28,167
user_73,song_4,2025-03-08 08:04:47,79
user_11,song_43,2025-03-17 16:32:45,241
user_97,song_38,2025-03-12 01:04:17,61
user_50,song_34,2025-03-21 07:44:30,273
user_74,song_16,2025-03-24 02:53:08,183
user_11,song_26,2025-03-02 16:27:41,287
user_74,song_34,2025-03-08 03:47:20,91
user_97,song_29,2025-03-09 09:25:06,115
user_28,song_13,2025-03-07 03:01:02,51
user_55,song_6,2025-03-22 03:16:11,133
user_81,song_10,2025-03-13 12:27:33,193
user_94,song_5,2025-03-05 05:23:39,228
user_72,song_26,2025-03-27 19:11:23,196
user_36,song_34,2025-03-23 05:47:30,36
user_90,song_40,2025-03-26 08:49:43,244
user_15,song_27,2025-03-08 06:20:45,105
user_73,song_38,2025-03-05 20:44:46,84
user_73,song_50,2025-03-05 21:39:44,176
user_69,song_23,2025-03-20 22:43:17,165
